-- phpMyAdmin SQL Dump
-- version 5.2.0
-- https://www.phpmyadmin.net/
--
-- Хост: 127.0.0.1:3306
-- Время создания: Май 12 2023 г., 14:59
-- Версия сервера: 10.3.36-MariaDB
-- Версия PHP: 7.3.33

SET SQL_MODE = "NO_AUTO_VALUE_ON_ZERO";
START TRANSACTION;
SET time_zone = "+00:00";


/*!40101 SET @OLD_CHARACTER_SET_CLIENT=@@CHARACTER_SET_CLIENT */;
/*!40101 SET @OLD_CHARACTER_SET_RESULTS=@@CHARACTER_SET_RESULTS */;
/*!40101 SET @OLD_COLLATION_CONNECTION=@@COLLATION_CONNECTION */;
/*!40101 SET NAMES utf8mb4 */;

--
-- База данных: `clever_store`
--

-- --------------------------------------------------------

--
-- Структура таблицы `brands`
--

CREATE TABLE `brands` (
  `brand_id` int(11) NOT NULL,
  `title` text COLLATE utf8mb4_unicode_ci NOT NULL,
  `img` varchar(500) COLLATE utf8mb4_unicode_ci NOT NULL
) ENGINE=InnoDB DEFAULT CHARSET=utf8mb4 COLLATE=utf8mb4_unicode_ci;

--
-- Дамп данных таблицы `brands`
--

INSERT INTO `brands` (`brand_id`, `title`, `img`) VALUES
(1, 'Apple', '/Clever store/img/apple-logo.png'),
(2, 'Asus', '/Clever store/img/asus-logo.png'),
(3, 'Samsung', '/Clever store/img/samsung-logo.png'),
(4, 'Lenovo', '/Clever store/img/lenovo-logo.png'),
(5, 'Motorola', '/Clever store/img/motorola-logo.png'),
(6, 'Telefunken', '/Clever store/img/telefunken-logo.png'),
(7, 'Xiaomi', '/Clever store/img/xiaomi-logo.png'),
(8, 'Huawei', '/Clever store/img/huawei-logo.png'),
(9, 'MSI', '/Clever store/img/msi-logo.png'),
(10, 'Acer', '/Clever store/img/acer-logo.png'),
(11, 'Nokia', '/Clever store/img/nokia-logo.png'),
(12, 'Black Shark', '/Clever store/img/black-shark-logo.png'),
(13, 'Must', '/Clever store/img/must-logo.png'),
(14, 'Thunderobot', '/Clever store/img/ThundeRobot-logo.jpg'),
(15, 'LYAMBDA', '/Clever store/img/LYAMBDA-logo.jpg'),
(16, 'LG', '/Clever store/img/LG-logo.jpg'),
(17, 'Grundig', '/Clever store/img/Grundig-logo.jpg'),
(18, 'SBER', '/Clever store/img/SBER-logo.jpg'),
(19, 'Sony', '/Clever store/img/Sony-logo.jpg');

-- --------------------------------------------------------

--
-- Структура таблицы `categories`
--

CREATE TABLE `categories` (
  `category_id` int(11) NOT NULL,
  `category_title` text COLLATE utf8mb4_unicode_ci NOT NULL,
  `img` varchar(500) COLLATE utf8mb4_unicode_ci NOT NULL
) ENGINE=InnoDB DEFAULT CHARSET=utf8mb4 COLLATE=utf8mb4_unicode_ci;

--
-- Дамп данных таблицы `categories`
--

INSERT INTO `categories` (`category_id`, `category_title`, `img`) VALUES
(1, 'Компьютеры', '/Clever store/img/computer.svg'),
(2, 'Ноутбуки', '/Clever store/img/notebooks.svg'),
(3, 'Смартфоны', '/Clever store/img/smartphones.svg'),
(4, 'Телевизоры', '/Clever store/img/TV.svg'),
(5, 'Аксессуары', '/Clever store/img/accessories.svg');

-- --------------------------------------------------------

--
-- Структура таблицы `orders`
--

CREATE TABLE `orders` (
  `order_id` int(11) NOT NULL,
  `user_id` int(11) NOT NULL,
  `status` tinyint(1) NOT NULL,
  `date` datetime NOT NULL DEFAULT current_timestamp()
) ENGINE=InnoDB DEFAULT CHARSET=utf8mb4 COLLATE=utf8mb4_unicode_ci;

--
-- Дамп данных таблицы `orders`
--

INSERT INTO `orders` (`order_id`, `user_id`, `status`, `date`) VALUES
(1, 15, 0, '2023-04-20 13:04:00'),
(2, 20, 0, '2023-05-10 10:29:10');

-- --------------------------------------------------------

--
-- Структура таблицы `order_products`
--

CREATE TABLE `order_products` (
  `orderproducts_id` int(11) NOT NULL,
  `product_id` int(11) NOT NULL,
  `order_id` int(11) NOT NULL
) ENGINE=InnoDB DEFAULT CHARSET=utf8mb4 COLLATE=utf8mb4_unicode_ci;

-- --------------------------------------------------------

--
-- Структура таблицы `products`
--

CREATE TABLE `products` (
  `product_id` int(11) NOT NULL,
  `category_id` int(11) NOT NULL,
  `brand_id` int(11) NOT NULL,
  `title` text COLLATE utf8mb4_unicode_ci NOT NULL,
  `operating_system` text COLLATE utf8mb4_unicode_ci NOT NULL,
  `maximum_refresh_rate` text COLLATE utf8mb4_unicode_ci NOT NULL,
  `processor_manufacturer` text COLLATE utf8mb4_unicode_ci NOT NULL,
  `processor_model` text COLLATE utf8mb4_unicode_ci NOT NULL,
  `weight` text COLLATE utf8mb4_unicode_ci NOT NULL,
  `price` int(11) NOT NULL,
  `description` text COLLATE utf8mb4_unicode_ci NOT NULL,
  `img` varchar(500) COLLATE utf8mb4_unicode_ci NOT NULL
) ENGINE=InnoDB DEFAULT CHARSET=utf8mb4 COLLATE=utf8mb4_unicode_ci;

--
-- Дамп данных таблицы `products`
--

INSERT INTO `products` (`product_id`, `category_id`, `brand_id`, `title`, `operating_system`, `maximum_refresh_rate`, `processor_manufacturer`, `processor_model`, `weight`, `price`, `description`, `img`) VALUES
(1, 1, 13, 'Игровой компьютер MUST MBM3600110722', 'Нет', '-', 'AMD', 'Ryzen 5 Pro 3600', '8.5 кг', 81899, 'Игровой системный блок MUST MBM360 оснащен двумя разъемами для наушников и микрофона, а также входами USB и HDMI для подключения внешних устройств. Работает на базе шестиядерного процессора Ryzen 5 PRO 3600 компании AMD с частотой 3,6 ГГц. Есть два слота для оперативной памяти объемом от 16 до 32 Гб.\r\nЗа высокое качество графики отвечает контроллер GeForce RTX 1650. Объем видеопамяти — 4 Гб. Встроен диск SSD на 512 Гб для улучшения скорости работы компьютера. Системный блок поддерживает подключение Gigabit LAN с возможностью выхода в интернет на скорости до 1000 Мбит/с. Вес — 8,5 кг. Габариты — 47,9x20,4x44,5 см.', '/Clever store/img/MUST MBM3600110722.avif'),
(2, 2, 2, 'Ноутбук ASUS TUF Gaming F15 FX506HC-HN105', 'Windows 11', '144', 'Intel', 'Core i5-11400H', '2.3 кг', 84899, 'Игровой ноутбук ASUS TUF Gaming F15 FX506HC оснащен шестиядерным процессором, который обеспечивает высокий уровень производительности при запуске ресурсоемких программ, шутеров, экшенов, симуляторов. Видеокарта nVidia GeForce GTX выдает оптимальную частоту кадров. Это предотвращает подергивание изображения, образование артефактов, что позволяет наслаждаться плавным воспроизведением сцен и прохождением динамичных игр.Устройство оснащено экраном с разрешением Full HD и матрицей IPS, что обеспечивает вывод контрастного детализированного контента. Благодаря этому можно с комфортом смотреть любимые фильмы и сериалы, видеоролики. Игровой ноутбук ASUS TUF Gaming F15 FX506HC-F15.I53050 (90NR0723-M00MM0) имеет полноразмерную клавиатуру с выделенной комбинацией клавиш WSAD для удобного управления в виртуальных мирах. Оптимизированные динамики аудиосистемы создают качественное пространственное звучание для погружения в атмосферу происходящих на экране событий.Система охлаждения с тепловыми трубками и тремя радиаторами предотвращает перегрев игрового ноутбука ASUS TUF Gaming F15 FX506HC-F15.I53050 (90NR0723-M00MM0) при использовании в разных сценариях. За счет технологии самоочистки предотвращается скопление пыли в вентиляционных отверстиях. Модуль Wi-Fi позволяет получить скоростной беспроводной доступ к интернету для участия в онлайн-кампаниях, прохождения различных игр в сетевых режимах.', '/Clever store/img/Ноутбук ASUS TUF Gaming F15 FX506HC-HN105.avif'),
(3, 3, 1, 'Смартфон Apple iPhone 14 Pro 256GB Deep Purple', 'iOS', '-', 'Apple', 'A16 Bionic', '206 г', 129999, 'Смартфон Apple iPhone 14 Pro 256GB Deep Purple имеет 6,1-дюймовый дисплей Super Retina XDR. Керамическое покрытие снижает риск появления царапин и потертостей на экране при активном использовании телефона. Функция True Tone автоматически увеличивает яркость дисплея при воспроизведении контента на улице в солнечный день. Верхний активный интерфейс Dynamic Island позволяет получить расширенную версию уведомлений при касании. Это создает удобство при переключении треков, а также позволяет читать СМС без разблокировки экрана.\r\n\r\nСмартфон Apple iPhone 14 Pro 256GB Deep Purple оборудован процессором A16 Bionic с 16 млн транзисторов, который характеризуется высоким быстродействием. Технология ProMotion регулирует производительность графического ускорителя. Благодаря этому динамичные сцены в играх воспроизводятся максимально плавно. Модель имеет слот для карт стандарта nano-SIM. Внутренней памяти объемом 256 ГБ достаточно для хранения фотографий, важных документов и любимой музыки. Благодаря датчику Crash Detection телефон автоматически отправляет сигнал бедствия в экстренные службы при ДТП.\r\n\r\nСмартфон Apple iPhone 14 Pro 256GB Deep Purple оборудован основной камерой с разрешением 48 Мп и четырехпиксельным сенсором. Объектив с семью линзами захватывает больше света. Благодаря этому фотографии получаются яркими и детализированными даже ночью. Система камер Pro позволяет использовать основной модуль в качестве телеобъектива с двухкратным оптическим приближением. Технология Action Mode исключает риск размытия кадров при съемке движущихся объектов. Фронтальная камера TrueDepth со встроенной вспышкой и автофокусом позволяет делать яркие селфи крупным планом, а также групповые снимки.', '/Clever store/img/Apple iPhone 14 Pro 256GB Deep Purple.avif'),
(4, 5, 1, 'Беспроводные наушники с микрофоном Apple AirPods Pro 2-го поколения', '-', '-', '-', '-', '51 г', 23999, 'Беспроводные наушники с микрофоном Apple AirPods Pro 2-го поколения позволяют наслаждаться любимой музыкой, общаться с друзьями и близкими, а также смотреть фильмы и проходить игры с высоким качеством звука. Оптические датчики и акселерометры позволяют снизить расход заряда аккумулятора. Воспроизведение музыки автоматически приостанавливается при снятии наушников. Устройство оборудовано энергоэффективным чипом H2. Благодаря этому модель быстро переключается между активными устройствами и реагирует на команды пользователя.\r\n\r\nБеспроводные наушники с микрофоном Apple AirPods Pro 2-го поколения имеют систему активного шумоподавления. Это исключает появление посторонних звуков при использовании устройства в автобусе, метро и других местах с большим скоплением людей. Модель поддерживает адаптивный режим прозрачности. При активации функции наушники блокируют опасные для пользователя звуки, но позволяют слышать объявления в метро или сигналы проезжающих машин. Устройство имеет сенсорную панель управления. Переключить трек, ответить на звонок и активировать гарнитуру можно как при нажатии на наушник, так и с помощью жестов.\r\n\r\nБеспроводные наушники с микрофоном Apple AirPods Pro 2-го поколения совместимы с голосовым помощником Siri. Это позволяет читать важные сообщения, осуществлять звонки и узнавать прогноз погоды, не доставая смартфон из кармана. Модель оборудована емким аккумулятором, который обеспечивает до 6 ч непрерывного прослушивания музыки. Для беспроводной зарядки используется чехол док-станция. В комплекте с наушниками поставляется четыре пары амбушюров разного размера.', '/Clever store/img/Apple AirPods Pro 2-го поколения.avif'),
(7, 2, 14, 'Thunderobot 911 Plus Pro (JT009UE07RU)', 'Windows 11', '144', 'Intel', 'Core i5-12450H', '2.5 кг', 104999, 'Игровой ноутбук Thunderobot 911 Plus Pro (JT009UE07RU) с дискретной видеокартой GeForce RTX 3060 рассчитан на прохождение ресурсоемких проектов. Графический контроллер устройства разработан с использованием технологии рейтрейсинга. Благодаря этому обеспечивается создание реалистичного внутриигрового освещения. За высокую вычислительную мощность модели также отвечает восьмиядерный центральный процессор Intel Core i5-12450H с максимальной тактовой частотой 4,4 ГГц.\r\n\r\nИгровой ноутбук Thunderobot 911 Plus Pro (JT009UE07RU) оснащен накопителем типа SSD, объем которого составляет 512 ГБ. Этого достаточно для хранения значительного количества данных. Воздушная система охлаждения исключает риск перегрева видеокарты, процессора и материнской платы. За оптимальную плавность движений в играх отвечает экран с частотой обновления 144 Гц. Благодаря этому геймер имеет преимущество в различных многопользовательских проектах.\r\n\r\nНоутбук Thunderobot 911 Plus Pro (JT009UE07RU) поставляется с предустановленной операционной системой Windows 11. Благодаря этому приступать к установке и прохождению игр можно без совершения первоначальных настроек. Разрешение экрана составляет 1920x1080 пикселей, за счет чего картинка характеризуется потрясающим уровнем детализации и высоким качеством. Корпус устройства произведен из ударопрочных материалов, что эффективно защищает внутренние элементы от негативного внешнего воздействия.', '/Clever store/img/Thunderobot-911-Plus-Pro.jpg'),
(8, 2, 14, 'Игровой ноутбук Thunderobot Zero Max (JT009VE07RU)', 'Windows 11', '165', 'Intel', 'Core i7-12700H', '2.58 кг', 179999, 'Игровой ноутбук Thunderobot Zero Max (JT009VE07RU) характеризуется непревзойденной производительностью. Аппаратная начинка устройства представлена графическим контроллером GeForce RTX 3070 Ti. Благодаря этому даже при прохождении ресурсоемких игровых новинок сохраняется трехзначный показатель FPS. За высокую вычислительную мощность модели также отвечает центральный процессор, который имеет 12 ядер и базовую тактовую частоту 3,7 ГГц. Для хранения данных на SSD-накопителе доступен 1 ТБ свободного места.\r\n\r\nИгровой ноутбук Thunderobot Zero Max (JT009VE07RU) может использоваться для рендеринга видео, работы с 3D-визуализацией или проведения онлайн-трансляций. За это отвечает стабильное функционирование системы при выполнении нескольких задач одновременно, что осуществляется благодаря ОЗУ объемом 32 ГБ. Пользователю доступна возможность увеличения базового показателя оперативной памяти до 64 ГБ. Максимальная частота обновления экрана составляет 165 Гц. За счет этого обеспечивается высокая плавность картинки.\r\n\r\nНоутбук Thunderobot Zero Max (JT009VE07RU) устойчив к перегреву при длительных игровых сессиях. За это отвечает эффективное воздушное охлаждение. Операционная система запускается в течение нескольких секунд, что обеспечивается благодаря твердотельному накопителю. За счет предустановленной ОС Windows 11 приступать к использованию устройства можно сразу после покупки. Внутренние элементы модели защищены от повреждений прочным корпусом из металла и пластика.\r\n', '/Clever store/img/Thunderobot Zero Max (JT009VE07RU).avif'),
(9, 4, 16, 'Ultra HD (4K) OLED телевизор 65\" LG OLED65R19LA', 'WebOS', '120', '-', '-', '92.9 кг', 6999999, 'Ultra HD (4K) OLED-телевизор 65\" LG OLED65R19LA со сворачивающимся экраном не займет много пространства в гостиной, спальне, детской комнате или вестибюле отеля. Универсальное устройство с технологией Smart TV удобно использовать для прохождения видеоигр, просмотра развлекательных и обучающих фильмов, сериалов и спортивных трансляций. Модель оборудована широкоформатным экраном, который характеризуется контрастностью, реалистичной цветопередачей и высоким разрешением. Благодаря этому телевизор способен воспроизводить видеозаписи в формате Ultra HD.\r\n\r\nПользователь может подсоединить к модели различные устройства: игровую консоль, ноутбук, планшетный компьютер, флеш-накопитель и внешний жесткий диск. Для этого в конструкции Ultra HD (4K) OLED-телевизора 65\" LG OLED65R19LA есть четыре HDMI-интерфейса и три порта USB. Модель со встроенным Wi-Fi-модулем и разъемом Ethernet удобно подключать к интернету. Технология NFC позволяет переключать телеканалы, регулировать громкость звука и настраивать параметры изображения дистанционно посредством смартфона.', '/Clever store/img/LG OLED65R19LA.avif'),
(10, 2, 1, 'Ноутбук Apple MacBook Pro 16 M1 Max 10-core (32-core GPU)/64/8TB Space Gray', 'MacOS', '120', 'Apple', 'Apple M1 Max', '2.15 кг', 549999, 'Ноутбук Apple MacBook Pro 16 M1 Max 10-core (32-core GPU/64/8TB Space Gray) функционирует на базе ОС MacOS и 10-ядерного процессора M1 Max, который обеспечивает высокую производительность и долгое время работы без подзарядки. Можно заниматься рендерингом, программированием, созданием объемных 3D-проектов, обработкой видео в разрешении 4К и прочими задачами, которые требуют множества ресурсов. Интегрированная видеокарта с 32 ядрами отвечает за быструю и качественную обработку картинки для ее отображения на экране.\n\nВ качестве накопителя в ноутбуке Apple MacBook Pro 16 M1 Max 10-core (32-core GPU/64/8TB Space Gray) используется SSD. Его характерные особенности — высокая скорость чтения/записи, бесшумная работа, малое энергопотребление и тепловыделение. Объем накопителя целых 8 Тб. Этого достаточно, чтобы установить все необходимые профессиональные программы и компьютерные игры последних лет. Также вы можете использовать жесткий диск для хранения фото, видео и прочих файлов без необходимости переносить их на внешние накопители.\n\n16,2-дюймовый экран Liquid Retina XDR поддерживает разрешение 3456x2234 пикселей и частоту обновления до 120 Гц. Картинка, которая выводится на него, получается насыщенной, яркой и контрастной. На таком дисплее превосходно смотрятся фото, игры и видео в формате HDR. Также в ноутбуке Apple MacBook Pro 16 M1 Max 10-core (32-core GPU/64/8TB Space Gray) предусмотрена поддержка ProMotion. Благодаря этой функции он работает гладко и быстро — вплоть до резких движений в компьютерных играх. Наличие Wi-Fi позволяет отказаться от проводов для подключения ко всемирной паутине. Также предусмотрен картридер, встроенный микрофон и веб-камера HD 1080p. Для входа в систему можно использовать сканер отпечатков пальцев.', '/Clever store/img/Apple MacBook Pro 16 M1 Max 10-core.avif'),
(11, 2, 9, 'Игровой ноутбук MSI Titan GT77 12UHS-200RU', 'Windows 11', '120', 'Intel', 'Core i9-12900HX', '3.3 кг', 379999, 'Игровой ноутбук MSI Titan GT77 12UHS-200RU оснащен дисплеем с матрицей IPS-level и разрешением 3840x2160 пикселей. За счет этого модель выводит яркое детализированное изображение. Матовое покрытие предотвращает образование бликов при ярком солнечном свете, что обеспечивает оптимальную видимость изображения на экране при любом уровне освещения. Это обеспечивает комфортные условия эксплуатации. Устройство характеризуется высокой производительностью и энергоэффективностью благодаря 16-ядерному процессору Core i9-12900HX.\n\nИгровой ноутбук MSI Titan GT77 12UHS-200RU имеет 64 ГБ оперативной памяти с возможностью расширения объема до 128 ГБ. Благодаря этому можно одновременно запускать несколько окон браузера и энергоемких программ без зависания картинки. Для хранения контента предусмотрен SSD-накопитель объемом 2 ТБ. Встроенные динамики и звуковая система типа Dynaudio обеспечивают чистый звук без помех и искажений.\n\nИгровой ноутбук MSI Titan GT77 12UHS-200RU имеет сканер отпечатков пальцев, который отвечает за удобную разблокировку экрана и безопасность личных данных. Модуль Wi-Fi обеспечивает стабильное подключение к интернету для поиска необходимой информации, скроллинга различного контента и общения в социальных сетях. Посредством веб-камеры можно принимать участие в видеоконференциях. Устройство оснащено аккумулятором емкостью 6250 мА*ч, чего достаточно для автономной работы модели в течение 5 ч.', '/Clever store/img/MSI Titan GT77 12UHS-200RU.avif'),
(12, 2, 14, 'Игровой ноутбук Thunderobot 911 Air D (JT0098E06RU)', 'Без ОС', '60', 'Intel', 'Core i5-11260H', '2.15 кг', 59999, 'Игровой ноутбук Thunderobot 911 Air D (JT0098E06RU) функционирует на базе высокопроизводительного шестиядерного процессора Intel с максимальной тактовой частотой 4.4 ГГц. Благодаря этому и 8 ГБ оперативной памяти при параллельной работе устройства с несколькими файлами и приложениями предотвращается возникновение задержек. При желании пользователь может дополнительно увеличить показать ОЗУ, установив модули DDR4 в специальные слоты.\r\n\r\nИгровой ноутбук Thunderobot 911 Air D (JT0098E06RU) оснащен экраном с разрешением 1920x1080 пикселей и частотой обновления 60 Гц. Благодаря этому на дисплей выводится детализированное изображение в высоком качестве, что способствует комфорту эксплуатации. За счет дискретной видеокарты NVIDIA GeForce GTX 1650 с собственной памятью 4 ГБ обеспечивается плавная картинка без разрывов и задержек. Матовая поверхность экрана препятствует появлению бликов из-за избыточного освещения окружающей среды.\r\n\r\nИгровой ноутбук Thunderobot 911 Air D (JT0098E06RU) имеет энергоемкий аккумулятор, ресурса которого достаточно для работы в автономном режиме на протяжении 5 ч. Устройство оборудовано звуковой системой Nahimic Audio, которая обеспечивает высококачественное воспроизведение аудиоконтента. Это поможет пользователю полноценно прочувствовать атмосферу любимой игры, фильма или сериала. Чтобы создать комфортные условия для эксплуатации при недостаточной освещенности, можно активировать подсветку клавиш.', '/Clever store/img/Thunderobot 911 Air D (JT0098E06RU).jpg'),
(13, 2, 10, 'Игровой ноутбук Acer Aspire VX5-591G-504E (NH.GM4ER.003)', 'Windows 10', '-', 'Intel', 'Core i5-7300HQ', '2.6 кг', 79999, 'Игровой ноутбук Acer Aspire VX5-591G-504E (NH.GM4ER.003) рассчитан на установку ресурсоемких проектов, за что отвечает мощная видеокарта GeForce GTX 1050 Ti. Модель позволяет проходить игры с высокими графическими настройками и со стабильной частотой кадров. Устройство также оптимально для покупки стримерам, так как поддерживает работу в режиме многозадачности. Для установки оперативной памяти доступно два слота. Базовый показатель ОЗУ 16 ГБ можно увеличить до 32 ГБ. Тактовая частота четырехъядерного процессора Intel Core достигает 2,5 ГГц.\r\n\r\nИгровой ноутбук Acer Aspire VX5-591G-504E (NH.GM4ER.003) имеет дисплей с разрешением Full HD, который обеспечивает передачу сочного и насыщенного изображения с высокой детализацией. Модель функционирует на базе операционной системы Windows 10, благодаря чему не требуется установка дополнительных утилит. Высокоемкая аккумуляторная батарея отвечает за продолжительную работу устройства без перерыва на подзарядку. Ноутбук не подвержен перегреву даже при длительных игровых сессиях, так как имеет эффективную систему охлаждения.', '/Clever store/img/Acer Aspire VX5-591G-504E (NH.GM4ER.003).avif'),
(14, 2, 4, 'Игровой ноутбук Lenovo IdeaPad Gaming 3 16IAH7 (82SA00DHRK)', 'Без ОС', '165', 'Intel', 'Core i5-12500H', '2.6 кг', 94999, 'Игровой ноутбук Lenovo IdeaPad Gaming 3 16IAH7 (82SA00DHRK) оптимален как для начинающих, так и продвинутых геймеров. Модель оснащена широкоформатным экраном с соотношением сторон 16:10, диагональю 16 дюймов и разрешением 1920x1200 пикселей. Благодаря этому изображение характеризуется высоким качеством, оптимальной детализацией и естественной передачей цветов. Максимальная частота обновления экрана составляет 165 Гц, за счет чего видеоконтент на дисплей выводится максимально плавно и без разрывов. Экран имеет матовую поверхность с антибликовым эффектом. Это позволяет эксплуатировать устройство в помещениях с ярким освещением: поверхность не будет бликовать.\r\n\r\nИгровой ноутбук Lenovo IdeaPad Gaming 3 16IAH7 (82SA00DHRK) функционирует на базе 12-ядерного процессора Intel Core i5-12500H с максимальной тактовой частотой 4,5 ГГц и возможностью одновременной обработки 16 информационных потоков. За счет этого модель характеризуется высокой вычислительной способностью и отсутствием зависаний при загрузке нескольких приложений или программ одновременно. Объем оперативной памяти равен 16 ГБ. За счет чего достигается быстродействие устройства.\r\n\r\nВ игровом ноутбуке Lenovo IdeaPad Gaming 3 16IAH7 (82SA00DHRK) используется дискретная видеокарта NVIDIA GeForce RTX 3050 Ti с объемом собственной памяти 4 ГБ. Благодаря этому обеспечивается вывод качественного изображения. Устройство оснащено встроенной аудиосистемой Nahimic Audio с двумя динамиками мощностью 2 Вт каждый. Это обеспечивает качественное выведение звука без помех и искажений. Для подключения ноутбука к домашнему интернету можно использовать беспроводное соединение через Wi-Fi-модуль.', '/Clever store/img/Lenovo IdeaPad Gaming 3 16IAH7 (82SA00DHRK).avif'),
(15, 2, 4, 'Игровой ноутбук Lenovo Legion 5 15ITH6 (82JK004EFE)', 'Без ОС', '165', 'Intel', 'Core i5-11400H', '2.4 кг', 84999, 'Игровой ноутбук Lenovo Legion 5 15ITH6 (82JK004EFE) оптимален для прохождения продолжительных геймерских сессий. Модель функционирует на базе шестиядерного процессора Intel Core i5-11400H с максимальной тактовой частотой 4,5 ГГц. Благодаря этому устройство характеризуется высоким показателем производительности. Кэш L3 имеет объем 12 ГБ, что значительно ускоряет процесс загрузки. Модель оснащена полноразмерной клавиатурой с английскими и русскими буквами. Ноутбук имеет широкоформатный экран диагональю 15,6 дюйма. За счет поддержки разрешения 1920x1080 пикселей выводимая на дисплей картинка получает оптимальную детализацию и естественную цветопередачу.\r\n\r\nВ игровом ноутбуке Lenovo Legion 5 15ITH6 (82JK004EFE) установлена дискретная видеокарта NVIDIA GeForce RTX 3050 Ti, которая обеспечивает плавное выведение контента без разрыва кадров. Графический контроллер оснащен памятью 4 ГБ. Благодаря этому обеспечивается высокое качество графической информации. У модели есть 16 ГБ оперативной памяти, за счет чего система не зависает при использовании устройства в режиме многозадачности. При необходимости показатель может быть увеличен до 32 ГБ посредством установки двух модулей памяти DDR4.\r\n\r\nИгровой ноутбук Lenovo Legion 5 15ITH6 (82JK004EFE) оснащен встроенной аккумуляторной батареей, емкость которой обеспечивает автономную работу в течение 8 ч. Это позволяет брать устройство в поездки, на занятия. Качественное выведение аудиоконтента обеспечивает встроенная звуковая система Nahimic Audio с двумя динамиками.', '/Clever store/img/Lenovo Legion 5 15ITH6 (82JK004EFE).avif'),
(16, 2, 9, 'Игровой ноутбук MSI Delta 15 A5EFK-057RU', 'Windows 10', '240', 'AMD', 'Ryzen 7 5800H', '1.9 кг', 114999, 'Игровой ноутбук MSI Delta 15 A5EFK-057RU оснащен мощной начинкой, способной справиться с высокотехнологичными блокбастерами и транслировать превосходную графику. Даже требовательные геймеры оценят видеокарту AMD Radeon RX 6700M. Она отлично демонстрирует себя при интенсивных нагрузках.\n\nВ прочном алюминиевом корпусе скрыт восьмиядерный процессор AMD Ryzen 7 5800H и оперативная память на 16 ГБ. Два слота позволят при необходимости увеличить объем DDR4 до 64 ГБ. Технология SmartShift автоматически оптимизирует настройки, распределяя мощность между силовыми элементами устройства.\n\nИгровой ноутбук MSI Delta 15 A5EFK-057RU обладает широким дисплеем и TN-матрицей. Он выдает детализированное изображение с разрешением Full HD и быстро реагирует на действия пользователя. Аудиосистема Nahimic 3 с двумя встроенными динамиками обеспечит четкое звучание.\n\nДля использования периферийного оборудования предусмотрено множество интерфейсов. Среди них Bluetooth версии 5.2, HDMI-порт и несколько разъемов USB, в том числе и Type-C. Игровой ноутбук MSI Delta 15 A5EFK-057RU может быть подключен к интернету как через проводную сеть, так и посредством Wi-Fi.', '/Clever store/img/MSI Delta 15 A5EFK-057RU.avif'),
(17, 3, 3, 'Смартфон Samsung Galaxy S23 256GB Black (SM-S911/DS)', 'Android', '120', 'Qualcomm', 'Snapdragon 8 Gen 2', '168 г', 72999, 'Смартфон Samsung Galaxy S23 256GB Black (SM-S911/DS) оптимален для работы с ресурсоемкими приложениями, так как характеризуется высокой вычислительной мощностью. За отсутствие искажений и зависаний при эксплуатации в многозадачном режиме отвечает восьмиядерный процессор. За счет этого удобно проводить прямые эфиры, стримы, участвовать в виртуальных сражениях и ретушировать фотографии. Устройство оборудовано дисплеем Dynamic AMOLED 2X, который обеспечивает получение яркого детализированного изображения. За счет частоты обновления 120 Гц ролики воспроизводятся плавно и без разрывов кадра.\r\n\r\nМодель оснащена адаптером Bluetooth, который оптимален для беспроводной синхронизации с цифровыми аксессуарами. Основная камера состоит из трех модулей с высоким разрешением. Благодаря этому можно создавать портреты, пейзажи и макрофото без искажений с естественной цветопередачей даже в условиях слабого освещения. При помощи фильтров можно обработать фотографии, придать художественный эффект и устранить несовершенства. За счет емкой батареи смартфон Samsung Galaxy S23 256GB Black (SM-S911/DS) стабильно работает на протяжении долгого времени без необходимости восполнения заряда.', '/Clever store/img/Samsung Galaxy S23 256GB Black.avif'),
(18, 3, 12, 'Смартфон Black Shark 5 Pro 12+256GB Black', 'Android', '144', 'Qualcomm', 'Snapdragon 8 Gen 1', '220 г', 59990, 'Смартфон Black Shark 5 Pro 12+256GB Black передает качественное и детализированное изображение благодаря OLED-дисплею с диагональю 6,67 дюйма и разрешением 2400x1080 пикселей. Максимальная частота обновления составляет 144 Гц. За счет этого модель оптимальна для просмотра динамичных фильмов. Объем оперативной памяти составляет 12 ГБ. Благодаря этому обеспечивается эффективная работоспособность устройства. Для создания ярких снимков есть три основные камеры с разрешением 108+8+5 Мп.\r\n\r\nСмартфон Black Shark 5 Pro 12+256GB Black имеет сканер отпечатков пальцев, находящийся на боковой панели, и сенсор распознавания лица, которые обеспечивают защиту данных. Благодаря восьмиядерному процессору устройство характеризуется оптимальной производительностью. Модель оснащена двумя слотами для SIM-карт. Смартфон поддерживает распространенные аудио- и видеоформаты. Благодаря дополнительному разъему для наушников пользователь может заряжать устройство и прослушивать музыку одновременно. Модуль NFC предназначен для бесконтактной оплаты.', '/Clever store/img/Black Shark 5 Pro 12+256GB Black.avif'),
(19, 3, 5, 'Смартфон Motorola Edge+ 12/256GB Thunder Grey (XT2061-1)', 'Android', '90', 'Qualcomm', 'Snapdragon 865', '203 г', 91172, 'Разработанный с фокусом на скорость, мощность и максимальную производительность в сетях 5G motorola edge+ оснащен наиболее продвинутым чипсетом на рынке: Qualcomm®Snapdragon™ 865. Он обеспечивает самую высокую производительность1 (на 25 % быстрее, чем в предыдущих поколениях смартфонов) и практически мгновенно реагирует на ваши запросы, будь то использование Интернета, просмотр видео или игры. Увеличенная на 30% максимальная пропускная способность в сотовых сетях и более экономичное расходование заряда аккумулятора позволят в полной мере использовать возможности появляющихся сетей 5G. Инновационная система 5G-антенн поддерживает как миллиметровые волны (mmWave), так и частоты ниже 6 ГГц, что означает глобальную совместимость с сетями 5G в разных странах и дает возможность в будущем обеспечить передачу данных со скоростью свыше 4 Гбит/с2.', '/Clever store/img/Motorola Edge Plus 5G 256 Gb Thunder Grey.avif'),
(20, 3, 7, 'Смартфон Xiaomi Redmi Note 12 Pro 8+256GB Blue', 'Android', '120', 'MediaTek', 'Dimensity 1080', '187 г', 32890, 'Смартфон Xiaomi Redmi Note 12 Pro+ 8+256GB Black имеет форм-фактор моноблок. Моделью управляет ОС Android 13 с интуитивно понятным интерфейсом. Это повышает удобство ежедневной эксплуатации. В устройство можно устанавливать одновременно две Nano-SIM-карты. Благодаря этому удобно пользоваться услугами разных операторов связи. Отсутствие зависаний модели при работе с несколькими приложениями обеспечивает чипсет Dimensity 1080 с восемью ядрами и 8 ГБ ОЗУ. Частота обновления экрана 120 Гц и графический процессор Mali-G68 исключают разрывы кадров при просмотре динамичного контента.\r\n\r\nСмартфон Xiaomi Redmi Note 12 Pro+ 8+256GB Black оборудован большим сенсорным AMOLED-дисплеем с разрешением 2400x1080 пикселей. Благодаря этому выводимое изображение получается качественным и детализированным. Bluetooth-адаптер версии 5.2 оптимален для подключения беспроводных наушников. Модель имеет два встроенных динамика, которые обеспечивают выведение звуковой дорожки. Три основных камеры со встроенной вспышкой и автоматической фокусировкой позволяют создавать фотографии высокого качества.', '/Clever store/img/Xiaomi Redmi Note 12 Pro 8+256GB Blue.avif'),
(21, 3, 8, 'Смартфон HUAWEI nova 10 8+128GB Starry Black (NCO-LX1)', 'Android', '120', 'Qualcomm', 'Snapdragon 778G', '168 г', 33999, 'Смартфон HUAWEI nova 10 8+128GB Starry Black (NCO-LX1) имеет восьмиядерный процессор и оперативную память объемом 8 ГБ. Благодаря этому пользователь может одновременно запускать несколько приложений без зависаний картинки. Модель поддерживает распространенные форматы аудио- и видеофайлов. Защиту персональных данных и удобную разблокировку экрана обеспечивает сканер отпечатков пальцев. В устройстве есть NFC-модуль, предназначенный для бесконтактной оплаты товаров и услуг.\r\n\r\nСмартфон HUAWEI nova 10 8+128GB Starry Black (NCO-LX1) имеет два слота для Nano-SIM, что позволяет использовать услуги нескольких сотовых операторов. Устройство оснащено тройной основной и фронтальной камерами. Режим макросъемки обеспечивает оптимальную видимость деталей изображения на расстоянии 2 см. Светодиодная вспышка позволяет фотографировать и записывать видео в местах с недостаточным освещением. Ультраширокий формат обеспечивает захват всей площади съемки. Благодаря чему можно запечатлеть компанию друзей в одном кадре.\r\n\r\nСмартфон HUAWEI nova 10 8+128GB Starry Black (NCO-LX1) поддерживает технологию быстрой зарядки HUAWEI SuperCharge 66 Вт. Емкость батареи составляет 4000 мА*ч, благодаря чему устройство можно использовать длительное время без дополнительного восстановления ресурса аккумулятора. Модель оснащена Wi-Fi-модулем, обеспечивающим подключение к интернету для поиска информации, общения в социальных сетях и других действий.', '/Clever store/img/HUAWEI nova 10 8+128GB Starry Black (NCO-LX1).avif'),
(22, 3, 1, 'Смартфон Apple iPhone 13 128GB Midnight', 'iOS', '-', 'Apple', 'A15 Bionic', '173 г', 72999, 'Смартфон Apple iPhone 13 128GB Midnight функционирует на базе операционной системы iOS. Влагонепроницаемый корпус из комбинированных стекла и алюминия защищает внутренние детали от воздействия внешней среды. Шестиядерный процессор A15 Bionic обеспечивает быструю загрузку системы и приложений, а также обработку запросов. Встроенная память объемом 128 ГБ рассчитана на хранение значительного количества файлов и папок с данными. Широкоформатный экран OLED Super Retina XDR оптимален для качественного отображения видео с высокой детализацией и реалистичной цветопередачей.\r\n\r\nСмартфон Apple iPhone 13 128GB Midnight имеет слот для Nano-SIM-карты. За счет встроенного модуля Wi-Fi обеспечивается доступ к онлайн-ресурсам. Для передачи данных без использования кабеля, а также для синхронизации с совместимыми устройствами модель оснащена адаптером Bluetooth. Для бесконтактной оплаты удобно использовать модуль NFC. Камера с двойным модулем обеспечивает комфортные условия для создания фото или видео при разных условиях освещения. Для селфи можно использовать фронтальный объектив. Сенсор распознавания лица и сканер отпечатка пальца оптимален для ограничения доступа к данным, которые хранятся на устройстве.', '/Clever store/img/Apple iPhone 13 128GB Midnight.avif'),
(23, 3, 8, 'Смартфон HUAWEI Mate Xs 2 Black (PAL-LX9)', 'Android', '120', 'Qualcomm', 'Snapdragon 888', '255 г', 119999, 'Данное устройство является складным смартфоном с гибким экраном. Обратите внимание на следующее:\r\nРекомендуется использовать стандартный защитный чехол. Старайтесь не ронять и не ударять смартфон и избегать его контакта с острыми предметами.\r\nСмартфон оснащён хрупкими компонентами, поэтому рекомендуется не допускать попадания на него жидкости, песка и других посторонних объектов, которые могут попасть внутрь смартфона и повредить его. Это позволит продлить срок работы устройства.\r\nФронтальная камера является хрупким компонентом, поэтому рекомендуется не давить на неё, чтобы избежать повреждения экрана и влияния на гарантийное обслуживание.\r\nСмартфон поставляется со специальной плёнкой для защиты экрана. Чтобы избежать повреждения экрана и влияния на гарантийное обслуживание, не снимайте защитную плёнку и не пытайтесь самостоятельно установить другую. Чтобы заменить защитную плёнку, обратитесь на горячую линию службы поддержки клиентов или посетите авторизованный сервисный центр HUAWEI.\r\nСтарайтесь не складывать и не раскладывать смартфон, когда температура воздуха —10°C или ниже.', '/Clever store/img/HUAWEI Mate Xs 2 Black (PAL-LX9).avif'),
(24, 3, 3, 'Смартфон Samsung Galaxy Z Fold4 5G 256GB Black (SM-F936B/DS)', 'Android', '120', 'Qualcomm', 'Snapdragon 8+ Gen 1', '263 г', 119999, 'Смартфон Samsung Galaxy Z Fold4 5G 256GB Black (SM-F936B/DS) имеет складной экран с матрицей AMOLED и разрешением 2176x1812 пикселей. За счет этого передаваемое изображение характеризуется яркими и насыщенными цветами, а также оптимальной детализацией. Объем оперативной памяти равен 12 ГБ, что обеспечивает высокую производительность устройства при работе в многозадачном режиме. При прохождении мобильных игр или выполнении задач в ресурсоемких приложениях отсутствуют задержки. Этому способствует восьмиядерный процессор Snapdragon 8+ Gen 1.\r\n\r\nСмартфон Samsung Galaxy Z Fold4 5G 256GB Black (SM-F936B/DS) поддерживает длительную работу в автономном режиме, что обусловлено наличием аккумулятора со значительной емкостью. Для хранения большого количества данных объем внутренней памяти составляет 256 ГБ. Мобильный телефон поставляется вместе со стилусом S Pen, благодаря которому можно с удобством создавать эскизы в графических приложениях. Высокоскоростной доступ интернету осуществляется с помощью технологии 5G. Высокая плавность картинки достигается за счет дисплея с частотой обновления 120 Гц.', '/Clever store/img/Samsung Galaxy Z Fold4 5G 256GB.avif'),
(25, 3, 7, 'Смартфон Xiaomi Redmi A1+ 32GB Light Blue', 'Android', '-', 'MediaTek', 'Helio A22', '192 г', 4999, 'Смартфон Xiaomi Redmi A1+ 32GB Light Blue имеет оптимальный угол обзора благодаря IPS-экрану диагональю 6,52 дюйма и разрешением 1600x720 пикселей. Телефон оснащен двумя основными камерами и одной фронтальной. Емкость аккумулятора составляет 5000 мА*ч, за счет чего смартфон в автономном режиме работает длительное время. Функция «Быстрая зарядка» позволяет восстановить ресурс батареи устройства за считанные минуты. Операционная система Android 12 Go Edition обеспечивает оптимальную скорость работы телефона и сокращает расход заряда батареи.\r\n\r\nСмартфон Xiaomi Redmi A1+ 32GB Light Blue поддерживает технологию USB OTG, благодаря чему к модели можно подключить компьютерную мышь или клавиатуру. Телефон имеет разъем для наушников и порт microUSB для подключения зарядного устройства или синхронизации с компьютером. Два слота для SIM-карты обеспечивают удобство эксплуатации, позволяя пользоваться услугами разных сотовых операторов. Объем встроенной памяти устройства составляет 32 ГБ. Дополнительные файлы можно хранить на съемном накопителе microSD.', '/Clever store/img/Xiaomi Redmi A1+ 32GB Light Blue.avif'),
(26, 1, 10, 'Игровой компьютер Acer PRed Ator PO9-900 (DG.E0PER.014)', 'Windows 10', '-', 'Intel', 'Core i9-9980XE', '17 кг', 799990, 'Игровой компьютер Acer PRed Ator PO9-900 (DG.E0PER.014) оснащен аппаратной начинкой с непревзойденной вычислительной мощностью. Железо устройства представлено двумя видеокартами GeForce RTX 2080Ti SLI. Благодаря этому можно проходить любые игровые новинки в высоком разрешении и с трехзначным показателем FPS. Системный блок станет оптимальной покупкой для любого геймера, киберспортсмена или стримера. За высокую вычислительную мощность устройства также отвечает процессор Intel с максимальной тактовой частотой 4,4 ГГц.\r\n\r\nГрафическая система компьютера Acer PRed Ator PO9-900 (DG.E0PER.014) поддерживает технологию трассировки лучей. Благодаря этому освещение внутри игр стало еще более детализированным и реалистичным. Для хранения значительного количества информации устройство оснащено жестким диском объемом 3 ГБ. Модель имеет дополнительный накопитель типа SSD, который рассчитан на 512 ГБ, а также отвечает за быструю загрузку локаций, уровней, операционной системы и приложений. Установленная ОС Windows 10 открывает доступ к множеству базовых программ.', '/Clever store/img/Acer PRed Ator PO9-900.avif'),
(27, 1, 9, 'Компьютер MSI MEG Infinite X MS-B916 (9S6-B91661-1272)', 'Windows 11', '-', 'Intel', 'Core i7-11700KF', '10 кг', 186199, 'Компьютер MSI MEG Infinite X MS-B916 с вертикальным размещением выполнен в типоразмере Midi-Tower. Он не занимает много места - его габариты равны 48,8х45х21 см. В корпус интегрированы подсветка и интерфейсы HDMI, DisplayPort, USB 2.0 и 3.0, Typec-C, RJ-45, а также разъемы для наушников и микрофона.\r\n\r\nЗа беспроводное соединение отвечают встроенные модули Bluetooth и Wi-Fi. Для доступа к интернету используется LAN-адаптер. Модель отличается высокопроизводительным восьмиядерным процессором Intel Core i7-11700KF с максимальной тактовой частотой 5 ГГц. Объема оперативной памяти и SSD-накопителя достаточно не только для ежедневного использования, но и для игровой деятельности.\r\n\r\nНа MSI MEG Infinite X MS-B916 установлена дискретная видеокарта NVIDIA емкостью 8 Гб, которая оптимальна для динамических графических сцен. Она исключает зависание при интенсивной нагрузке. Встроенное в устройство оборудование легко заменяется при необходимости.', '/Clever store/img/MSI MEG Infinite X MS-B916.avif'),
(28, 1, 14, 'Игровой компьютер Thunderobot Black Warrior V Shark 7', 'Windows 11', '-', 'Intel', 'Core i7-13700K', '19.2 кг', 299999, 'Игровой компьютер Thunderobot Black Warrior V Shark 7 подходит геймерам, разработчикам, создателям визуального контента. За поддержание стабильной производительности модели отвечает процессор Intel Core i7-13700K, который эффективно распределяет мощность между ядрами. В конструкции предусмотрено четыре слота для оперативной памяти, что позволяет улучшить систему для повышения быстродействия. Графический адаптер GeForce RTX 4080 обеспечивает плавное воспроизведение потокового контента при просмотре кинематографических игровых кат-сцен и прохождении динамичных миссий.\r\n\r\nКомпьютер Thunderobot Black Warrior V Shark 7 оснащен Bluetooth-модулем, посредством которого можно подключать беспроводную периферию: мышь, колонки, клавиатуру, гарнитуру. Оптимальный объем HDD-накопителя предоставляет достаточно свободного пространства для хранения всех необходимых программ, драйверов и игр, рабочих и личных архивов любого формата.\r\n\r\nВ конструкции предусмотрены порты HDMI и DisplayPort, позволяющие вывести изображение на несколько мониторов сразу. Корпус системного блока Thunderobot Black Warrior V Shark 7 оснащен управляемой подсветкой, режим которой можно изменить и добавить различные эффекты. Модель разработана с применением системы водяного охлаждения, что обеспечивает своевременный отвод тепла и предотвращает перегрев даже при эксплуатации с максимальной нагрузкой.', '/Clever store/img/Thunderobot Black Warrior V Shark 7.avif'),
(29, 1, 9, 'Игровой компьютер MSI MEG Aegis Ti5, i7K RTX 3090/64GB/2TB HDD+1TB SSD', 'Без ОС', '-', 'Intel', '-', '15 кг', 299999, 'Игровой компьютер MSI MEG Aegis Ti5, i7K RTX 3090/64GB/2TB HDD+1TB SSD оборудован процессором бренда Intel, который характеризуется высокой вычислительной мощностью. Благодаря этому устройство не зависает и стабильно функционирует даже при запуске нескольких ресурсоемких приложений. Для хранения данных и инсталляции программ есть два накопителя типа HDD и SSD. Это повышает производительность и быстродействие системы. Видеокарта NVIDIA GeForce RTX 3090 отвечает за плавное воспроизведение динамичных эпизодов и высокую частоту кадров в сражениях.\r\n\r\nИгровой компьютер MSI MEG Aegis Ti5, i7K RTX 3090/64GB/2TB HDD+1TB SSD оптимален для начинающих геймеров и профессиональных киберспортсменов, дизайнеров, художников, фотографов и создателей мультимедийного контента. На фронтальной панели расположен поворотный контроллер с дисплеем. Элемент применяют для удобного выбора необходимого режима функционирования. На экран выводится информация о текущем состоянии системы. Выдвижной держатель оптимален для размещения гарнитуры.\r\n\r\nБлагодаря особой форме корпуса и встроенной программируемой подсветке в помещении создается неповторимая атмосфера, что способствует полному погружению в сражение. За счет продуманной системы охлаждения с разделенными потоками воздуха обеспечено эффективное отведение тепла от всех встроенных деталей. Благодаря этому игровой компьютер MSI MEG Aegis Ti5, i7K RTX 3090/64GB/2TB HDD+1TB SSD не перегревается даже при долгой интенсивной нагрузке.', '/Clever store/img/MSI MEG Aegis Ti5, i7K RTX 3090 HDD+1TB SSD.avif'),
(30, 1, 15, 'Игровой компьютер LYAMBDA Frontier L-GM1738-BK', 'Windows 11', '-', 'Intel', 'Core i7-13700KF', '16.32 кг', 319999, 'Игровой компьютер Lyambda Frontier L-GM1738-BK имеет 16-ядерный процессор Core i7-13700KF, обеспечивающий быструю обработку информации. Благодаря этому модель можно использовать для одновременного запуска нескольких программ и необходимого количества окон браузера без потери производительности. Устройство оборудовано встроенной видеокартой RTX 4070 Ti, которая способствует плавному воспроизведению графики в профессиональных приложениях и играх.\r\n\r\nИгровой компьютер Lyambda Frontier L-GM1738-BK имеет SSD-накопитель, предназначенный для хранения текстовых файлов, видео, фотографий и изображений из интернета. За счет оптимального объема оперативной памяти достигаются быстрая загрузка программ, воспроизведение динамичных сцен без зависания и разрыва кадров. Это обеспечивает комфортные условия для работы и учебы, мультимедийных развлечений.\r\n\r\nИгровой компьютер Lyambda Frontier L-GM1738-BK оснащен Bluetooth-адаптером, посредством которого можно синхронизировать модель с планшетом, смартфоном без использования кабелей. Для подключения устройства к интернету предназначены проводной интерфейс LAN и беспроводной модуль Wi-Fi. За счет этого компьютер можно использовать для поиска интересующей информации, просмотра фильмов, скроллинга различного контента. Корпус оборудован входом для подключения наушников, что позволяет смотреть сериал или слушать музыку, не доставляя дискомфорт окружающим.', '/Clever store/img/LYAMBDA Frontier L-GM1738-BK.avif'),
(31, 1, 4, 'Игровой компьютер Lenovo T5-26IOB6 (90RT00UMRS)', 'Без ОС', '-', 'Intel', 'Core i5-11400F', '14 кг', 179990, 'Игровой компьютер Lenovo T5-26IOB6 (90RT00UMRS) оснащен шестиядерным процессором Intel Core i5 11400F. За счет этого модель характеризуется быстрой обработкой запросов, отсутствием зависания при запуске системы, приложений и программ, игр. Объем оперативной памяти можно увеличить с 32 до 64 ГБ за счет нескольких слотов для установки. Видеокарта NVIDIA GeForce RTX 3070 с показателем 8 ГБ обеспечивает качественное отображение графических объектов без появления артефактов в динамичных сценах. Объем твердотельного накопителя SSD 1 ТБ можно использовать для хранения многочисленных файлов и папок, фото и видео.\r\n\r\nИгровой компьютер Lenovo T5-26IOB6 (90RT00UMRS) имеет разъем для наушников и микрофона на фронтальной части корпуса. Несколько портов USB оптимально использовать для подсоединения флеш-накопителя, кабеля для зарядки устройств или передачи данных. Устройство оснащено несколькими разъемами для одновременного использования от одного до трех мониторов. Интерфейс HDMI предназначен для передачи изображения на экран телевизора. С помощью функции температурного контроля Q Control обеспечиваются оптимальные условия для использования в зависимости от интенсивности игрового процесса. Можно выбрать тихий, сбалансированный и производительный режим охлаждения.\r\n\r\nИгровой компьютер Lenovo T5-26IOB6 (90RT00UMRS) оснащен встроенным адаптером Bluetooth для беспроводного соединения с колонкой, наушниками и другими совместимыми устройствами. Модуль Wi-Fi оптимален для быстрого доступа в интернет. Корпус модели произведен из износостойкого пластика. Широкое основание устойчиво на горизонтальной поверхности. За счет подсветки устройство комфортно для применения в темное время суток. На боковой стенке имеется прозрачная вставка для наблюдения за комплектующими.', '/Clever store/img/Lenovo T5-26IOB6 (90RT00UMRS).avif'),
(32, 1, 4, 'Системный блок игровой Lenovo Legion Y920T-34IKZ (90H4002TRS)', 'Windows 10', '-', 'Intel', 'Core i7-7700K', '14.1 кг', 179990, 'Игровой ПК Lenovo Legion Y920 Tower оснащается четырехъядерным процессором Intel Core i7-7700K с частотой до 4,2 ГГц и возможностью повышения производительности до 4,5 ГГц или разгона до 4,9 ГГц, а также до 8 МБ кэш-памяти. Вы сможете наслаждаться самыми ресурсоемкими и динамичными играми. А с режимом One-Key Turbo, который реализован в решении Lenovo Nerve Center, вы можете нажатием одной кнопки мгновенно повысить производительность.\r\nПо производительности видеокарта серии GeForce GTX на основе NVIDIA Pascal, установленная в Lenovo Legion Y920 Tower, в несколько раз превосходит модели предыдущих поколений. Игровой ПК Lenovo Legion Y920 Tower легко справится даже с самыми требовательными играми: вы сможете наслаждаться любимыми играми с частотой 60 кадров в секунду. А если вам по душе формат 4K или виртуальная реальность, с этим тоже не будет никаких проблем.', '/Clever store/img/Lenovo Legion Y920T-34IKZ (90H4002TRS).avif'),
(33, 1, 10, 'Игровой компьютер Acer Predator Orion 3000 PO3-630 (DG.E2CMC.003)', 'Без ОС', '-', 'Intel', 'Core i5-11400F', '7.4 кг', 112999, 'Игровой компьютер Acer Predator Orion 3000 PO3-630 (DG.E2CMC.003) оптимален для использования как в длительных геймерских сессиях, так и выполнения стандартных задач. Благодаря этому модель можно применять в частных и коммерческих целях. Устройство оснащено шестиядерным процессором Intel Core i5-11400F с тактовой частотой 2,6 ГГц. При необходимости показатель может быть увеличен до 4,4 ГГц. За счет этого модель характеризуется высоким показателем производительности без притормаживаний и зависания даже при прохождении ресурсоемких игр.\r\n\r\nРаботу игрового компьютера Acer Predator Orion 3000 PO3-630 (DG.E2CMC.003) без задержек в режиме многозадачности обеспечивают 16 ГБ оперативной памяти. Объем ОЗУ может быть увеличен до 64 ГБ за счет наличия на материнской плате четырех слотов памяти типа DDR4. В арсенале модели есть два накопителя: HDD и SSD общей вместительностью 2 ТБ. Благодаря этому пользователь может хранить большое количество различной информации. Технология Gigabit LAN позволяет пользоваться проводным интернетом со скоростью подключения 1 Гбит/сек.\r\n\r\nИгровой компьютер Acer Predator Orion 3000 PO3-630 (DG.E2CMC.003) оснащен дискретной видеокартой NVIDIA GeForce RTX 3070 с объемом памяти 8 ГБ. Это обеспечивает комфортное прохождение игр с максимальными графическими настройками. Модель оснащена двумя разъемами USB 2.0 и пятью портами USB 3.0. Благодаря этому пользователь может подключать одновременно несколько периферийных устройств. Корпус компьютера изготовлен в формате форм-фактора Mini Tower, за счет чего не занимает много места и оптимален для использования в условиях ограниченного пространства.', '/Clever store/img/Acer Predator Orion 3000 PO3-630.avif'),
(34, 1, 9, 'Игровой компьютер MSI MAG Codex X5, i7K RTX 3070 Ti/32GB/1TB HDD+1 TB SSD', 'Windows 11', '-', 'Intel', 'Core i7-12700KF', '10 кг', 219999, 'Игровой компьютер MSI MAG Codex X5, i7K RTX 3070 Ti/32GB/1TB HDD+1 TB SSD оборудован мощной аппаратной начинкой, которая представлена 12-ядерным процессором. Благодаря этому устройство стабильно функционирует без риска сбоев и зависаний при запуске ресурсоемких приложений. Это создает комфортные условия для применения модели при прохождении сражений с высоким качеством графики, ретуширования и создания мультимедийного контента, рендеринга видео.\r\n\r\nЗа плавное воспроизведение динамичных эпизодов и максимально реалистичное изображение отвечает видеокарта бренда NVIDIA. Оперативная память типа DDR5 характеризуется высокой пропускной способностью, что обеспечивает оптимальное быстродействие системы. Игровой компьютер MSI MAG Codex X5, i7K RTX 3070 Ti/32GB/1TB HDD+1 TB SSD оборудован двумя накопителями. Благодаря этому удобно хранить большой объем файлов пользователя и устанавливать ресурсоемкие приложения.\r\n\r\nМодель оснащена встроенной персонализируемой подсветкой, что позволяет подчеркнуть индивидуальность геймера. За счет съемной боковой панели удобно производить апгрейд системы. Продуманная система охлаждения с большим воздухозаборным отверстием позволяет избежать перегревания игрового компьютера MSI MAG Codex X5, i7K RTX 3070 Ti/32GB/1TB HDD+1 TB SSD даже во время длительных напряженных сражений. На верхней части корпуса есть порты для подключения внешних носителей информации, аксессуаров и гарнитуры.', '/Clever store/img/MSI MAG Codex X5.avif'),
(35, 4, 3, 'Ultra HD (4K) LED телевизор 55\" Samsung UE55BU8000U', 'Tizen', '50', '-', 'Crystal Processor 4K', '14.7 кг', 71999, 'Ultra HD (4K) LED-телевизор 55\" Samsung UE55BU8000U работает на базе операционной системы Tizen, имеющей простой и интуитивно понятный интерфейс. Четырехъядерный процессор Crystal Processor 4K обеспечивает высокую производительность устройства и автоматически анализирует каждый кадр для достижения максимального качества изображения. Система Smart TV предоставляет доступ к различным интерактивным сервисам и позволяет пользоваться онлайн-кинотеатром для подбора контента в соответствии с индивидуальными предпочтениями.\r\n\r\nИнтеллектуальный алгоритм рекомендаций помогает искать фильмы и сериалы в обширном каталоге. Телевизор Samsung UE55BU8000U оснащен LED-подсветкой, расположенной по периметру экрана, что обеспечивает равномерную яркость и оптимальную контрастность. Реалистичная цветопередача и высокий уровень детализации делают любимые фильмы и сериалы еще более зрелищными.\r\n\r\nКаждый кадр обрабатывается посредством технологии HDR для поддержания расширенного диапазона контрастности. Это позволяет рассмотреть маленькие объекты даже при демонстрации затемненных сцен. Телевизор Samsung UE55BU8000U можно использовать в качестве платформы для прохождения видеоигр благодаря частоте обновления 50 Гц. Даже ресурсоемкая графика воспроизводится без задержек, а мгновенный отклик на каждую команду создает комфортные условия для управления движениями персонажей.', '/Clever store/img/Samsung UE55BU8000U.avif');
INSERT INTO `products` (`product_id`, `category_id`, `brand_id`, `title`, `operating_system`, `maximum_refresh_rate`, `processor_manufacturer`, `processor_model`, `weight`, `price`, `description`, `img`) VALUES
(36, 4, 17, 'Ultra HD (4K) Grundig 65 GGU 7900B', 'Android TV', '50', '-', '-', '19.6 кг', 79999, 'Ultra HD (4K) LED-телевизор 65\" Grundig 65 GGU 7900B имеет широкий угол обзора и тонкую рамку. Это дает возможность наслаждаться просмотром качественного контента с разного ракурса. Поддержка HDR повышает контраст между светлыми и темными участками, обеспечивая высокую детализацию изображения. Благодаря технологии MPI снижается риск появления размытия кадров в динамичных сценах в фильмах, играх и спортивных передачах. Модель имеет четырехъядерный процессор, который отвечает за быстродействие устройства.\r\n\r\nUltra HD (4K) LED-телевизор 65\" Grundig 65 GGU 7900B разработан с использованием технологии Magic Fidelity и оборудован несколькими динамиками с независимым корпусом. Это обеспечивает воспроизведение качественного и объемного звука без помех. Благодаря технологии Smart TV пользователь может скачивать и устанавливать различные интерактивные сервисы, смотреть фильмы онлайн и общаться в социальных сетях. Для этого устройство необходимо подключить к интернету посредством адаптера беспроводной связи Wi-Fi и разъема LAN.\r\n\r\nUltra HD (4K) LED-телевизор 65\" Grundig 65 GGU 7900B поддерживает функцию PVR, с помощью которой можно записать интересный фильм или передачу на внешний накопитель информации. Для подключения флеш-накопителя на корпусе устройства есть интерфейс USB. Управлять параметрами работы и громкостью удобно с помощью пульта ДУ или смартфона. Функция «Защита от детей» позволяет установить пароль на некоторые ТВ-каналы, чтобы ограничить доступ к нежелательному контенту.', '/Clever store/img/Grundig 65 GGU 7900B.avif'),
(37, 4, 16, 'Ultra HD (4K) LED телевизор 65\" LG 65UQ80006LB', 'WebOS', '60', '-', '-', '21.8 кг', 83999, 'Ultra HD (4K) LED-телевизор 65\" LG 65UQ80006LB имеет широкоформатный экран и большой угол обзора. Благодаря этому смотреть фильмы можно без искажений с разного ракурса. Технология HDR10 Pro обеспечивает оптимальный уровень яркости и контрастности изображения. При выборе функции Filmmaker Mode устройство отключает сглаживание, что позволяет смотреть фильм в аутентичном виде, как задумал режиссер. Для полного погружения в происходящее на экране в арсенале модели есть высококачественные динамики.\r\n\r\nUltra HD (4K) LED-телевизор 65\" LG 65UQ80006LB воспроизводит медиафайлы в разрешении 3840x2160 пикселей. Изображение характеризуется естественной цветопередачей и высокой детализацией. Благодаря технологии Smart TV можно пользоваться интерактивными онлайн-сервисами, скачивать и устанавливать различные приложения. Для подключения телевизора к интернету в арсенале устройства есть разъем LAN и адаптер беспроводной связи Wi-Fi.\r\n\r\nUltra HD (4K) LED-телевизор 65\" LG 65UQ80006LB имеет возможность голосового управления. Переключать, регулировать яркость экрана и громкость динамиков также можно посредством пульта ДУ. Благодаря метке NFC можно дублировать экран смартфона на телевизор. Функция «Родительский контроль» позволяет установить пароль на нежелательные для детей телеканалы. Для подключения внешней акустической системы, игровой консоли и разных устройств на корпусе есть разъемы HDMI.', '/Clever store/img/Ultra HD (4K) LED телевизор 65 LG 65UQ80006LB.avif'),
(38, 4, 16, 'Ultra HD (4K) LED телевизор 75\" LG NanoCell 75NANO756QA', 'WebOS', '60', '-', '-', '31.8 кг', 148999, 'Ultra HD (4K) LED-телевизор 75\" LG NanoCell 75NANO756QA разработан с применением подсветки NanoCell. Квантовые точки поглощают лишние световые волны, что позволяет добиться предельной чистоты всех оттенков и непревзойденной реалистичности изображения. Благодаря этому любимые фильмы и сериалы становятся еще более зрелищными. Технология HDR обеспечивает автоматическую регулировку яркости и контрастности в соответствии с цветовой схемой каждого кадра. Разрешение матрицы 3840x2160 пикселей позволяет рассмотреть все детали, присутствующие на экране. Модель имеет высокую частоту обновления, что исключает риск появления эффекта разрыва кадров.\r\n\r\nЗа счет этого Ultra HD (4K) LED-телевизор 75\" LG NanoCell 75NANO756QA можно использовать в качестве платформы для прохождения видеоигр. Мгновенный отклик позволяет своевременно управлять движениями персонажей и создает комфортные условия для прохождения квестов на время и реакцию. Модель оснащена производительным четырехъядерным процессором, который обеспечивает стабильное быстродействие системы. Встроенные тюнеры служат для совместимости телевизора с распространенными цифровыми стандартами. За реалистичное пространственное звучание отвечает аудиосистема AI Sound Pro.\r\n\r\nUltra HD (4K) LED-телевизор 75\" LG NanoCell 75NANO756QA имеет в конструкции модуль NFC и Bluetooth-адаптер, которые обеспечивают непрерывное беспроводное соединение с другими устройствами и внешними накопителями. Модель поставляется с интегрированной системой Smart TV. Это позволяет выбирать интересующий контент из огромной коллекции и пользоваться интерактивными сервисами. Функция «Родительский контроль» дает возможность ограничить доступ ребенка к полному каталогу онлайн-кинотеатра.', '/Clever store/img/Ultra HD (4K) LED телевизор 75 LG NanoCell 75NANO756QA.avif'),
(43, 5, 18, 'Умная колонка Sber SberBoom (SBDV-00090a)', '-', '-', '-', '-', '1300 г ', 11999, 'Умная колонка SBER SberBoom с семейством виртуальных ассистентов «Салют» (SBDV-00090a), черная мощностью 40 Вт воспроизводит объемный звук с чистыми верхними частотами и насыщенными глубокими басами. Благодаря акустике 360°, функциям «Мультирум» и «Стереопара» достигаются комфортные условия для прослушивания любимых музыкальных композиций. Модель поддерживает работу с виртуальными ассистентами «Салют». Голосовые помощники включают музыку, ставят будильник и рассказывают детям сказки на ночь.\r\n\r\nКолонка совместима с системой «Умный дом». Устройство по команде включает свет, активирует кондиционер и контролирует работу утюга. При появлении посторонних звуков в доме срабатывает функция «Детектор шума». Благодаря своевременному уведомлению модели можно предотвратить кражу, повреждение имущества или затопление соседей. Подсветка корпуса обеспечивает эстетичный внешний вид умной колонки SBER SberBoom с семейством виртуальных ассистентов «Салют» (SBDV-00090a), черный и создает уютную домашнюю атмосферу.', '/Clever store/img/SberBoom.avif'),
(45, 5, 19, 'Шлем виртуальной реальности Sony PlayStation VR2 Horizon Call of the Mountain Bundle White', '-', '120', '-', '-', '600 г', 83990, 'Шлем виртуальной реальности Sony PlayStation VR2 Horizon Call of the Mountain Bundle White позволяет полностью погрузиться в игру. Модель оборудована OLED-матрицей, которая обеспечивает высокую детализацию изображения и оптимальный уровень контрастности. Разрешение экрана составляет 2000х2040 пикселей. Широкий угол обзора обеспечивает максимальный эффект присутствия. Встроенные гироскоп и акселерометр точно определяют и синхронизируют движения геймера с персонажем в игре.\r\n\r\nШлем виртуальной реальности Sony PlayStation VR2 Horizon Call of the Mountain Bundle White оборудован виброприводом. Это повышает эффект присутствия при выполнении тех или иных действий в игре. Модель имеет чувствительный микрофон и специальный разъем для подключения стереогарнитуры. При необходимости игру можно транслировать на телевизор или стрим-площадки. Для управления персонажем в комплекте поставляются манипуляторы. Кнопки на контроллерах характеризуются мягким ходом.\r\n\r\nШлем виртуальной реальности Sony PlayStation VR2 Horizon Call of the Mountain Bundle White поставляется с электронным ваучером для активации игры «Горизонт Зов Гор». Сюжет развивается в альтернативной вселенной. Геймеру предстоит сыграть за Карха Райаса, которому предстоит остановить зло. Благодаря открытому миру можно детально исследовать любую местность. Игроку предстоит лазать по горам, перепрыгивать через овраги, орудовать мечом и луком.', '/Clever store/img/Sony PlayStation VR2.avif');

-- --------------------------------------------------------

--
-- Структура таблицы `users`
--

CREATE TABLE `users` (
  `user_id` int(11) NOT NULL,
  `name` varchar(50) COLLATE utf8mb4_unicode_ci NOT NULL,
  `email` varchar(320) COLLATE utf8mb4_unicode_ci NOT NULL,
  `password` varchar(200) COLLATE utf8mb4_unicode_ci NOT NULL
) ENGINE=InnoDB DEFAULT CHARSET=utf8mb4 COLLATE=utf8mb4_unicode_ci;

--
-- Дамп данных таблицы `users`
--

INSERT INTO `users` (`user_id`, `name`, `email`, `password`) VALUES
(15, 'Дмитрий', 'xiu@xui.com', 'qwerty'),
(16, 'Илья228', 'ilua@gmail.com', 'qwertyuiop'),
(19, 'Александра', 'grachevskaya99@bk.ru', '1234567890'),
(20, 'Dmitry', 'admin@gmail.com', 'qwerty228');

--
-- Индексы сохранённых таблиц
--

--
-- Индексы таблицы `brands`
--
ALTER TABLE `brands`
  ADD PRIMARY KEY (`brand_id`);

--
-- Индексы таблицы `categories`
--
ALTER TABLE `categories`
  ADD PRIMARY KEY (`category_id`);

--
-- Индексы таблицы `orders`
--
ALTER TABLE `orders`
  ADD PRIMARY KEY (`order_id`),
  ADD KEY `user_id` (`user_id`);

--
-- Индексы таблицы `order_products`
--
ALTER TABLE `order_products`
  ADD PRIMARY KEY (`orderproducts_id`),
  ADD UNIQUE KEY `product_id` (`product_id`,`order_id`),
  ADD UNIQUE KEY `product_id_2` (`product_id`,`order_id`),
  ADD KEY `order_id` (`order_id`);

--
-- Индексы таблицы `products`
--
ALTER TABLE `products`
  ADD PRIMARY KEY (`product_id`),
  ADD KEY `category_id` (`category_id`),
  ADD KEY `brand_id` (`brand_id`);

--
-- Индексы таблицы `users`
--
ALTER TABLE `users`
  ADD PRIMARY KEY (`user_id`),
  ADD UNIQUE KEY `email` (`email`);

--
-- AUTO_INCREMENT для сохранённых таблиц
--

--
-- AUTO_INCREMENT для таблицы `brands`
--
ALTER TABLE `brands`
  MODIFY `brand_id` int(11) NOT NULL AUTO_INCREMENT, AUTO_INCREMENT=20;

--
-- AUTO_INCREMENT для таблицы `categories`
--
ALTER TABLE `categories`
  MODIFY `category_id` int(11) NOT NULL AUTO_INCREMENT, AUTO_INCREMENT=7;

--
-- AUTO_INCREMENT для таблицы `orders`
--
ALTER TABLE `orders`
  MODIFY `order_id` int(11) NOT NULL AUTO_INCREMENT, AUTO_INCREMENT=3;

--
-- AUTO_INCREMENT для таблицы `order_products`
--
ALTER TABLE `order_products`
  MODIFY `orderproducts_id` int(11) NOT NULL AUTO_INCREMENT, AUTO_INCREMENT=148;

--
-- AUTO_INCREMENT для таблицы `products`
--
ALTER TABLE `products`
  MODIFY `product_id` int(11) NOT NULL AUTO_INCREMENT, AUTO_INCREMENT=46;

--
-- AUTO_INCREMENT для таблицы `users`
--
ALTER TABLE `users`
  MODIFY `user_id` int(11) NOT NULL AUTO_INCREMENT, AUTO_INCREMENT=29;

--
-- Ограничения внешнего ключа сохраненных таблиц
--

--
-- Ограничения внешнего ключа таблицы `orders`
--
ALTER TABLE `orders`
  ADD CONSTRAINT `orders_ibfk_1` FOREIGN KEY (`user_id`) REFERENCES `users` (`user_id`);

--
-- Ограничения внешнего ключа таблицы `order_products`
--
ALTER TABLE `order_products`
  ADD CONSTRAINT `order_products_ibfk_1` FOREIGN KEY (`product_id`) REFERENCES `products` (`product_id`),
  ADD CONSTRAINT `order_products_ibfk_2` FOREIGN KEY (`order_id`) REFERENCES `orders` (`order_id`);

--
-- Ограничения внешнего ключа таблицы `products`
--
ALTER TABLE `products`
  ADD CONSTRAINT `products_ibfk_1` FOREIGN KEY (`category_id`) REFERENCES `categories` (`category_id`),
  ADD CONSTRAINT `products_ibfk_2` FOREIGN KEY (`brand_id`) REFERENCES `brands` (`brand_id`);
COMMIT;

/*!40101 SET CHARACTER_SET_CLIENT=@OLD_CHARACTER_SET_CLIENT */;
/*!40101 SET CHARACTER_SET_RESULTS=@OLD_CHARACTER_SET_RESULTS */;
/*!40101 SET COLLATION_CONNECTION=@OLD_COLLATION_CONNECTION */;
